{
  "Version": 1,
  "WorkspaceRootPath": "C:\\Users\\Jarvis\\source\\repos\\ConsoleApp5\\",
  "Documents": [
    {
      "AbsoluteMoniker": "D:0:0:{EF42EAED-6BAD-4B9A-8D80-F6AF5F3356FB}|ConsoleApp5\\ConsoleApp5.csproj|c:\\users\\jarvis\\source\\repos\\consoleapp5\\consoleapp5\\program.cs||{A6C744A8-0E4A-4FC6-886A-064283054674}",
      "RelativeMoniker": "D:0:0:{EF42EAED-6BAD-4B9A-8D80-F6AF5F3356FB}|ConsoleApp5\\ConsoleApp5.csproj|solutionrelative:consoleapp5\\program.cs||{A6C744A8-0E4A-4FC6-886A-064283054674}"
    }
  ],
  "DocumentGroupContainers": [
    {
      "Orientation": 0,
      "VerticalTabListWidth": 256,
      "DocumentGroups": [
        {
          "DockedWidth": 200,
          "SelectedChildIndex": 0,
          "Children": [
            {
              "$type": "Document",
              "DocumentIndex": 0,
              "Title": "Program.cs",
              "DocumentMoniker": "C:\\Users\\Jarvis\\source\\repos\\ConsoleApp5\\ConsoleApp5\\Program.cs",
              "RelativeDocumentMoniker": "ConsoleApp5\\Program.cs",
              "ToolTip": "C:\\Users\\Jarvis\\source\\repos\\ConsoleApp5\\ConsoleApp5\\Program.cs",
              "RelativeToolTip": "ConsoleApp5\\Program.cs",
              "ViewState": "AgIAAAAAAAAAAAAAAAAAAAIAAAAAAAAAAAAAAA==",
              "Icon": "ae27a6b0-e345-4288-96df-5eaf394ee369.000738|",
              "WhenOpened": "2025-08-21T23:05:12.113Z",
              "EditorCaption": ""
            }
          ]
        }
      ]
    }
  ]
}